COVID-1,COVID-101
COVID-2,COVID-102
COVID-3,COVID-103
COVID-4,COVID-104
COVID-5,COVID-105
COVID-6,COVID-106
COVID-7,COVID-107
COVID-8,COVID-108
COVID-9,COVID-109
COVID-10,COVID-110
COVID-11,COVID-111
COVID-12,COVID-112
COVID-13,COVID-113
COVID-14,COVID-114
COVID-15,COVID-115
COVID-16,COVID-116
COVID-17,COVID-117
COVID-18,COVID-118
COVID-19,COVID-119
COVID-20,COVID-120
COVID-21,COVID-121
COVID-22,COVID-122
COVID-23,COVID-123
COVID-24,COVID-201
COVID-25,COVID-202
COVID-26,COVID-203
COVID-27,COVID-204
COVID-28,COVID-205
COVID-29,COVID-206
COVID-30,COVID-207
COVID-31,COVID-208
COVID-32,COVID-209
COVID-33,COVID-210
COVID-34,COVID-211
COVID-35,COVID-212
COVID-36,COVID-213
COVID-37,COVID-214
COVID-38,COVID-215
COVID-39,COVID-216
COVID-40,COVID-217
COVID-41,COVID-218
COVID-42,COVID-219
COVID-43,COVID-220
COVID-44,COVID-221
COVID-45,COVID-222
COVID-46,COVID-223
COVID-47,COVID-224
COVID-48,COVID-225
COVID-49,COVID-226
COVID-50,COVID-227
COVID-51,COVID-228
COVID-52,COVID-229
COVID-53,COVID-230
COVID-54,COVID-231
COVID-55,COVID-232
COVID-56,COVID-233
COVID-57,COVID-234
COVID-58,COVID-235
COVID-59,COVID-236
COVID-60,COVID-237
COVID-61,COVID-238
COVID-62,COVID-239
COVID-63,COVID-240
COVID-64,COVID-242
COVID-65,COVID-243
COVID-66,COVID-244
COVID-67,COVID-245
COVID-68,COVID-246
COVID-69,COVID-247
COVID-70,COVID-248
COVID-71,COVID-249
COVID-72,COVID-250
COVID-73,COVID-251
COVID-74,COVID-252
COVID-75,COVID-253
COVID-76,COVID-254
COVID-77,COVID-255
COVID-78,COVID-256
COVID-79,COVID-257
COVID-80,COVID-258
COVID-81,COVID-259
COVID-82,COVID-260
COVID-83,COVID-261
COVID-84,COVID-262
COVID-85,COVID-263
COVID-86,COVID-264
COVID-87,COVID-265
COVID-88,COVID-266
COVID-89,COVID-151
COVID-90,COVID-152
COVID-91,COVID-153
COVID-92,COVID-154
COVID-93,COVID-155
COVID-94,COVID-156
COVID-95,COVID-157
COVID-96,COVID-158
COVID-97,COVID-159
COVID-98,COVID-160
COVID-99,COVID-161
COVID-100,COVID-162
COVID-101,COVID-163
COVID-102,COVID-164
COVID-103,COVID-165
COVID-104,COVID-166
COVID-105,COVID-167
COVID-106,COVID-168
COVID-107,COVID-169
COVID-108,COVID-267
COVID-109,COVID-1
COVID-110,COVID-2
COVID-111,COVID-3
COVID-112,COVID-4
COVID-113,COVID-5
COVID-114,COVID-6
COVID-115,COVID-7
COVID-116,COVID-8
COVID-117,COVID-9
COVID-118,COVID-10
COVID-119,COVID-11
COVID-120,COVID-12
COVID-121,COVID-13
COVID-122,COVID-14
COVID-123,COVID-15
COVID-124,COVID-16
COVID-125,COVID-17
COVID-126,COVID-18
COVID-127,COVID-19
COVID-128,COVID-20
COVID-129,COVID-21
COVID-130,COVID-22
COVID-131,COVID-23
COVID-132,COVID-24
COVID-133,COVID-25
COVID-134,COVID-26
COVID-135,COVID-27
COVID-136,COVID-40
COVID-137,COVID-41
COVID-138,COVID-42
COVID-139,COVID-43
COVID-140,COVID-44
COVID-141,COVID-45
COVID-142,COVID-46
COVID-143,COVID-47
COVID-144,COVID-48
COVID-145,COVID-49
COVID-146,COVID-50
COVID-147,COVID-51
COVID-148,COVID-52
COVID-149,COVID-53
COVID-150,COVID-54
COVID-151,COVID-55
COVID-152,COVID-56
COVID-153,COVID-57
COVID-154,COVID-58
COVID-155,COVID-59
COVID-156,COVID-60
COVID-157,COVID-61
COVID-158,COVID-62
COVID-159,COVID-63
COVID-160,COVID-64
COVID-161,COVID-65
COVID-162,COVID-66
COVID-163,COVID-67
COVID-164,COVID-68
COVID-165,COVID-69
COVID-166,COVID-70
COVID-167,COVID-71
COVID-168,COVID-72
COVID-169,COVID-73
COVID-170,COVID-74
COVID-171,COVID-75
COVID-172,COVID-76
COVID-173,COVID-77
COVID-174,COVID-78
COVID-175,COVID-79
COVID-176,COVID-80
COVID-177,COVID-81
COVID-178,COVID-82
COVID-179,COVID-83
COVID-180,COVID-84
COVID-181,COVID-85
COVID-182,COVID-86
COVID-183,COVID-87
COVID-184,COVID-88
COVID-185,COVID-89
COVID-186,COVID-90
COVID-187,COVID-96
COVID-188,COVID-97
COVID-189,COVID-98
COVID-190,COVID-551
COVID-191,COVID-552
COVID-192,COVID-553
COVID-193,COVID-554
COVID-194,COVID-555
COVID-195,COVID-125
COVID-196,COVID-126
COVID-197,COVID-127
COVID-198,COVID-128
COVID-199,COVID-129
COVID-200,COVID-130
COVID-201,COVID-124
COVID-202,COVID-131
COVID-203,COVID-132
COVID-204,COVID-133
COVID-205,COVID-134
COVID-206,COVID-135
COVID-207,COVID-136
COVID-208,COVID-137
COVID-209,COVID-138
COVID-210,COVID-139
COVID-211,COVID-140
COVID-212,COVID-141
COVID-213,COVID-142
COVID-214,COVID-143
COVID-215,COVID-144
COVID-216,COVID-145
COVID-217,COVID-146
COVID-218,COVID-147
COVID-219,COVID-149
COVID-220,COVID-150
COVID-221,COVID-148
COVID-222,COVID-268
COVID-223,COVID-269
COVID-224,COVID-270
COVID-225,COVID-271
COVID-226,COVID-272
COVID-227,COVID-273
COVID-228,COVID-274
COVID-229,COVID-275
COVID-230,COVID-276
COVID-231,COVID-277
COVID-232,COVID-278
COVID-233,COVID-279
COVID-234,COVID-280
COVID-235,COVID-281
COVID-236,COVID-556
COVID-237,COVID-557
COVID-238,COVID-558
COVID-239,COVID-559
COVID-240,COVID-560
COVID-241,COVID-561
COVID-242,COVID-562
COVID-243,COVID-563
COVID-244,COVID-564
COVID-245,COVID-565
COVID-246,COVID-566
COVID-247,COVID-567
COVID-248,COVID-568
COVID-249,COVID-569
COVID-250,COVID-570
COVID-251,COVID-571
COVID-252,COVID-572
COVID-253,COVID-573
COVID-254,COVID-574
COVID-255,COVID-575
COVID-256,COVID-170
COVID-257,COVID-171
COVID-258,COVID-172
COVID-259,COVID-173
COVID-260,COVID-174
COVID-261,COVID-175
COVID-262,COVID-176
COVID-263,COVID-177
COVID-264,COVID-178
COVID-265,COVID-179
COVID-266,COVID-180
COVID-267,COVID-181
COVID-268,COVID-182
COVID-269,COVID-183
COVID-270,COVID-184
COVID-271,COVID-185
COVID-272,COVID-186
COVID-273,COVID-187
COVID-274,COVID-188
COVID-275,COVID-189
COVID-276,COVID-190
COVID-277,COVID-191
COVID-278,COVID-192
COVID-279,COVID-193
COVID-280,COVID-194
COVID-281,COVID-195
COVID-282,COVID-196
COVID-283,COVID-197
COVID-284,COVID-198
COVID-285,COVID-199
COVID-286,COVID-200
COVID-287,COVID-308
COVID-288,COVID-310
COVID-289,COVID-401
COVID-290,COVID-402
COVID-291,COVID-403
COVID-292,COVID-404
COVID-293,COVID-405
COVID-294,COVID-406
COVID-295,COVID-407
COVID-296,COVID-408
COVID-297,COVID-409
COVID-298,COVID-410
COVID-299,COVID-411
COVID-300,COVID-412
COVID-301,COVID-413
COVID-302,COVID-414
COVID-303,COVID-415
COVID-304,COVID-416
COVID-305,COVID-417
COVID-306,COVID-418
COVID-307,COVID-419
COVID-308,COVID-420
COVID-309,COVID-421
COVID-310,COVID-422
COVID-311,COVID-423
COVID-312,COVID-424
COVID-313,COVID-425
COVID-314,COVID-426
COVID-315,COVID-427
COVID-316,COVID-428
COVID-317,COVID-429
COVID-318,COVID-430
COVID-319,COVID-431
COVID-320,COVID-432
COVID-321,COVID-451
COVID-322,COVID-452
COVID-323,COVID-453
COVID-324,COVID-454
COVID-325,COVID-455
COVID-326,COVID-456
COVID-327,COVID-457
COVID-328,COVID-458
COVID-329,COVID-459
COVID-330,COVID-460
COVID-331,COVID-461
COVID-332,COVID-462
COVID-333,COVID-463
COVID-334,COVID-464
COVID-335,COVID-465
COVID-336,COVID-466
COVID-337,COVID-467
COVID-338,COVID-468
COVID-339,COVID-469
COVID-340,COVID-470
COVID-341,COVID-471
COVID-342,COVID-472
COVID-343,COVID-473
COVID-344,COVID-301
COVID-345,COVID-302
COVID-346,COVID-303
COVID-347,COVID-304
COVID-348,COVID-305
COVID-349,COVID-306
COVID-350,COVID-307
COVID-351,COVID-309
COVID-352,COVID-311
COVID-353,COVID-312
COVID-354,COVID-313
COVID-355,COVID-314
COVID-356,COVID-315
COVID-357,COVID-316
COVID-358,COVID-317
COVID-359,COVID-318
COVID-360,COVID-319
COVID-361,COVID-320
COVID-362,COVID-321
COVID-363,COVID-322
COVID-364,COVID-323
COVID-365,COVID-324
COVID-366,COVID-325
COVID-367,COVID-326
COVID-368,COVID-327
COVID-369,COVID-328
COVID-370,COVID-329
COVID-371,COVID-330
COVID-372,COVID-331
COVID-373,COVID-332
COVID-374,COVID-333
COVID-375,COVID-334
COVID-376,COVID-335
COVID-377,COVID-336
COVID-378,COVID-337
COVID-379,COVID-338
COVID-380,COVID-339
COVID-381,COVID-340
COVID-382,COVID-341
COVID-383,COVID-342
COVID-384,COVID-343
COVID-385,COVID-344
COVID-386,COVID-345
COVID-387,COVID-346
COVID-388,COVID-347
COVID-389,COVID-348
COVID-390,COVID-476
COVID-391,COVID-477
COVID-392,COVID-478
COVID-393,COVID-479
COVID-394,COVID-480
COVID-395,COVID-481
COVID-396,COVID-482
COVID-397,COVID-483
COVID-398,COVID-484
COVID-399,COVID-485
COVID-400,COVID-486
COVID-401,COVID-487
COVID-402,COVID-488
COVID-403,COVID-489
COVID-404,COVID-490
COVID-405,COVID-491
COVID-406,COVID-492
COVID-407,COVID-493
COVID-408,COVID-494
COVID-409,COVID-495
COVID-410,COVID-496
COVID-411,COVID-497
COVID-412,COVID-498
COVID-413,COVID-499
COVID-414,COVID-500
COVID-415,COVID-501
COVID-416,COVID-502
COVID-417,COVID-503
COVID-418,COVID-504
COVID-419,COVID-505
COVID-420,COVID-506
COVID-421,COVID-507
COVID-422,COVID-508
COVID-423,COVID-509
COVID-424,COVID-510
COVID-425,COVID-511
COVID-426,COVID-512
COVID-427,COVID-513
COVID-428,COVID-514
COVID-429,COVID-515
COVID-430,COVID-516
COVID-431,COVID-517
COVID-432,COVID-518
COVID-433,COVID-519
COVID-434,COVID-520
COVID-435,COVID-521
COVID-436,COVID-522
COVID-437,COVID-523
COVID-438,COVID-524
COVID-439,COVID-525
COVID-440,COVID-526
COVID-441,COVID-527
COVID-442,COVID-528
COVID-443,COVID-529
COVID-444,COVID-530
COVID-445,COVID-531
COVID-446,COVID-532
COVID-447,COVID-533
COVID-448,COVID-534
COVID-449,COVID-535
COVID-450,COVID-536
COVID-451,COVID-537
COVID-452,COVID-537
COVID-453,COVID-539
COVID-454,COVID-540
COVID-455,COVID-541
COVID-456,COVID-542
COVID-457,COVID-543
COVID-458,COVID-544
COVID-459,COVID-545
COVID-460,COVID-546
COVID-461,COVID-547
COVID-462,COVID-548
COVID-463,COVID-549
COVID-464,COVID-550
